{
    "Random Forest": {
        "f1_score": 0.5338208409506399,
        "roc_auc": 0.7704429605789065
    },
    "XGBoost": {
        "f1_score": 0.5086754126110876,
        "roc_auc": 0.7631054377542202
    }
}